match_id,batting_team,partnership,runs_off_bat,batter1,batter1_runs,batter2,batter2_runs,innings,from_node,to_node,Winner
1229326,Southern Vipers,GL Adams & DN Wyatt,91.0,GL Adams,37.0,DN Wyatt,54.0,2.0,GL Adams,DN Wyatt,Southern Vipers
1229326,Southern Vipers,ME Bouchier & CE Dean,39.0,ME Bouchier,16.0,CE Dean,23.0,2.0,ME Bouchier,CE Dean,Southern Vipers
1229326,Southern Vipers,ME Bouchier & DN Wyatt,29.0,ME Bouchier,17.0,DN Wyatt,12.0,2.0,DN Wyatt,ME Bouchier,Southern Vipers
1229326,Southern Vipers,PJ Scholfield & CE Dean,27.0,PJ Scholfield,23.0,CE Dean,4.0,2.0,CE Dean,PJ Scholfield,Southern Vipers
1229330,Southern Vipers,CE Dean & CE Rudd,17.0,CE Dean,12.0,CE Rudd,5.0,1.0,CE Rudd,CE Dean,Southern Vipers
1229330,Southern Vipers,E Windsor & CE Dean,25.0,E Windsor,14.0,CE Dean,11.0,1.0,CE Dean,E Windsor,Southern Vipers
1229330,Southern Vipers,EM McCaughan & CE Dean,12.0,EM McCaughan,5.0,CE Dean,7.0,1.0,EM McCaughan,CE Dean,Southern Vipers
1229330,Southern Vipers,GL Adams & CE Dean,7.0,GL Adams,3.0,CE Dean,4.0,1.0,GL Adams,CE Dean,Southern Vipers
1229330,Southern Vipers,GL Adams & DN Wyatt,89.0,GL Adams,36.0,DN Wyatt,53.0,1.0,GL Adams,DN Wyatt,Southern Vipers
1229330,Southern Vipers,ME Bouchier & GL Adams,32.0,ME Bouchier,16.0,GL Adams,16.0,1.0,ME Bouchier,GL Adams,Southern Vipers
1229330,Southern Vipers,PJ Scholfield & CE Dean,18.0,PJ Scholfield,9.0,CE Dean,9.0,1.0,PJ Scholfield,CE Dean,Southern Vipers
1229330,Southern Vipers,TG Norris & CE Dean,27.0,TG Norris,10.0,CE Dean,17.0,1.0,TG Norris,CE Dean,Southern Vipers
1229332,Thunder,E Threlkeld & EL Lamb,11.0,E Threlkeld,7.0,EL Lamb,4.0,1.0,EL Lamb,E Threlkeld,Central Sparks
1229332,Thunder,HE Jones & Olivia Thomas,4.0,HE Jones,3.0,Olivia Thomas,1.0,1.0,Olivia Thomas,HE Jones,Central Sparks
1229332,Thunder,KL Cross & N Brown,15.0,KL Cross,3.0,N Brown,12.0,1.0,KL Cross,N Brown,Central Sparks
1229332,Thunder,N Brown & EL Lamb,5.0,N Brown,3.0,EL Lamb,2.0,1.0,EL Lamb,N Brown,Central Sparks
1229332,Thunder,N Brown & S Ecclestone,34.0,N Brown,20.0,S Ecclestone,14.0,1.0,S Ecclestone,N Brown,Central Sparks
1229332,Thunder,Olivia Thomas & KL Cross,51.0,Olivia Thomas,15.0,KL Cross,36.0,1.0,Olivia Thomas,KL Cross,Central Sparks
1229332,Thunder,S Turner & KL Cross,7.0,S Turner,1.0,KL Cross,6.0,1.0,S Turner,KL Cross,Central Sparks
1229334,Thunder,A Hartley & R Duckworth,5.0,A Hartley,5.0,R Duckworth,0.0,1.0,R Duckworth,A Hartley,Central Sparks
1229334,Thunder,E Threlkeld & GEB Boyce,1.0,E Threlkeld,0.0,GEB Boyce,1.0,1.0,E Threlkeld,GEB Boyce,Central Sparks
1229334,Thunder,L Heap & R Duckworth,1.0,L Heap,0.0,R Duckworth,1.0,1.0,L Heap,R Duckworth,Central Sparks
1229334,Thunder,L Jackson & GEB Boyce,6.0,L Jackson,1.0,GEB Boyce,5.0,1.0,L Jackson,GEB Boyce,Central Sparks
1229334,Thunder,L Marshall & GEB Boyce,46.0,L Marshall,25.0,GEB Boyce,21.0,1.0,GEB Boyce,L Marshall,Central Sparks
1229334,Thunder,N Brown & E Threlkeld,40.0,N Brown,18.0,E Threlkeld,22.0,1.0,N Brown,E Threlkeld,Central Sparks
1229334,Thunder,N Brown & R Duckworth,13.0,N Brown,9.0,R Duckworth,4.0,1.0,R Duckworth,N Brown,Central Sparks
1229334,Thunder,Olivia Thomas & R Duckworth,1.0,Olivia Thomas,0.0,R Duckworth,1.0,1.0,Olivia Thomas,R Duckworth,Central Sparks
1229334,Thunder,R Duckworth & AE Dyson,33.0,R Duckworth,12.0,AE Dyson,21.0,1.0,R Duckworth,AE Dyson,Central Sparks
1229337,Southern Vipers,AZ Monaghan & TG Norris,1.0,AZ Monaghan,1.0,TG Norris,0.0,1.0,TG Norris,AZ Monaghan,Southern Vipers
1229337,Southern Vipers,CE Dean & CE Rudd,30.0,CE Dean,12.0,CE Rudd,18.0,1.0,CE Dean,CE Rudd,Southern Vipers
1229337,Southern Vipers,PJ Scholfield & CE Dean,22.0,PJ Scholfield,13.0,CE Dean,9.0,1.0,CE Dean,PJ Scholfield,Southern Vipers
1229337,Southern Vipers,CM Taylor & AZ Monaghan,1.0,CM Taylor,1.0,AZ Monaghan,0.0,1.0,AZ Monaghan,CM Taylor,Southern Vipers
1229337,Southern Vipers,ER Chandler & AZ Monaghan,6.0,ER Chandler,5.0,AZ Monaghan,1.0,1.0,AZ Monaghan,ER Chandler,Southern Vipers
1229337,Southern Vipers,GL Adams & EM McCaughan,81.0,GL Adams,44.0,EM McCaughan,37.0,1.0,EM McCaughan,GL Adams,Southern Vipers
1229337,Southern Vipers,ME Bouchier & CE Dean,15.0,ME Bouchier,8.0,CE Dean,7.0,1.0,CE Dean,ME Bouchier,Southern Vipers
1229337,Southern Vipers,ME Bouchier & EM McCaughan,33.0,ME Bouchier,20.0,EM McCaughan,13.0,1.0,EM McCaughan,ME Bouchier,Southern Vipers
1229337,Southern Vipers,TG Norris & CE Rudd,10.0,TG Norris,7.0,CE Rudd,3.0,1.0,CE Rudd,TG Norris,Southern Vipers
1229338,Thunder,A Hartley & AE Dyson,36.0,A Hartley,14.0,AE Dyson,22.0,2.0,A Hartley,AE Dyson,Northern Diamonds
1229338,Thunder,DL Collins & L Jackson,25.0,DL Collins,18.0,L Jackson,7.0,2.0,L Jackson,DL Collins,Northern Diamonds
1229338,Thunder,E Threlkeld & L Jackson,19.0,E Threlkeld,16.0,L Jackson,3.0,2.0,L Jackson,E Threlkeld,Northern Diamonds
1229338,Thunder,L Heap & AE Dyson,18.0,L Heap,15.0,AE Dyson,3.0,2.0,AE Dyson,L Heap,Northern Diamonds
1229338,Thunder,L Jackson & L Marshall,17.0,L Jackson,2.0,L Marshall,15.0,2.0,L Jackson,L Marshall,Northern Diamonds
1229338,Thunder,L Marshall & GEB Boyce,5.0,L Marshall,5.0,GEB Boyce,0.0,2.0,GEB Boyce,L Marshall,Northern Diamonds
1229338,Thunder,N Brown & L Jackson,8.0,N Brown,5.0,L Jackson,3.0,2.0,L Jackson,N Brown,Northern Diamonds
1229338,Thunder,R Duckworth & L Jackson,9.0,R Duckworth,2.0,L Jackson,7.0,2.0,R Duckworth,L Jackson,Northern Diamonds
1229340,Southern Vipers,AZ Monaghan & CE Rudd,24.0,AZ Monaghan,5.0,CE Rudd,19.0,1.0,AZ Monaghan,CE Rudd,Southern Vipers
1229340,Southern Vipers,GL Adams & CE Dean,62.0,GL Adams,23.0,CE Dean,39.0,1.0,GL Adams,CE Dean,Southern Vipers
1229340,Southern Vipers,CE Rudd & GL Adams,1.0,CE Rudd,0.0,GL Adams,1.0,1.0,CE Rudd,GL Adams,Southern Vipers
1229340,Southern Vipers,CM Taylor & AZ Monaghan,12.0,CM Taylor,9.0,AZ Monaghan,3.0,1.0,AZ Monaghan,CM Taylor,Southern Vipers
1229340,Southern Vipers,CM Taylor & PAC Cowdrill,7.0,CM Taylor,3.0,PAC Cowdrill,4.0,1.0,CM Taylor,PAC Cowdrill,Southern Vipers
1229340,Southern Vipers,E Windsor & GL Adams,41.0,E Windsor,14.0,GL Adams,27.0,1.0,E Windsor,GL Adams,Southern Vipers
1229340,Southern Vipers,GL Adams & EM McCaughan,10.0,GL Adams,2.0,EM McCaughan,8.0,1.0,GL Adams,EM McCaughan,Southern Vipers
1229340,Southern Vipers,GL Adams & PJ Scholfield,30.0,GL Adams,22.0,PJ Scholfield,8.0,1.0,PJ Scholfield,GL Adams,Southern Vipers
1229340,Southern Vipers,ME Bouchier & GL Adams,32.0,ME Bouchier,18.0,GL Adams,14.0,1.0,GL Adams,ME Bouchier,Southern Vipers
1229342,Southern Vipers,GL Adams & EM McCaughan,137.0,GL Adams,74.0,EM McCaughan,63.0,1.0,EM McCaughan,GL Adams,Southern Vipers
1229342,Southern Vipers,ME Bouchier & GL Adams,130.0,ME Bouchier,50.0,GL Adams,80.0,1.0,ME Bouchier,GL Adams,Southern Vipers
1229344,Thunder,A Hartley & R Duckworth,5.0,A Hartley,3.0,R Duckworth,2.0,1.0,R Duckworth,A Hartley,Thunder
1229344,Thunder,DL Collins & N Brown,17.0,DL Collins,7.0,N Brown,10.0,1.0,DL Collins,N Brown,Thunder
1229344,Thunder,E Threlkeld & GEB Boyce,17.0,E Threlkeld,4.0,GEB Boyce,13.0,1.0,E Threlkeld,GEB Boyce,Thunder
1229344,Thunder,L Jackson & GEB Boyce,5.0,L Jackson,0.0,GEB Boyce,5.0,1.0,L Jackson,GEB Boyce,Thunder
1229344,Thunder,HE Jones & A Hartley,5.0,HE Jones,4.0,A Hartley,1.0,1.0,A Hartley,HE Jones,Thunder
1229344,Thunder,L Heap & R Duckworth,1.0,L Heap,1.0,R Duckworth,0.0,1.0,R Duckworth,L Heap,Thunder
1229344,Thunder,L Marshall & GEB Boyce,12.0,L Marshall,11.0,GEB Boyce,1.0,1.0,GEB Boyce,L Marshall,Thunder
1229344,Thunder,N Brown & GEB Boyce,20.0,N Brown,8.0,GEB Boyce,12.0,1.0,N Brown,GEB Boyce,Thunder
1229344,Thunder,R Duckworth & AE Dyson,12.0,R Duckworth,8.0,AE Dyson,4.0,1.0,AE Dyson,R Duckworth,Thunder
1229344,Thunder,N Brown & R Duckworth,51.0,N Brown,34.0,R Duckworth,17.0,1.0,R Duckworth,N Brown,Thunder
1229346,Southern Vipers,CE Rudd & E Windsor,69.0,CE Rudd,35.0,E Windsor,34.0,2.0,E Windsor,CE Rudd,Southern Vipers
1229346,Southern Vipers,E Windsor & PJ Scholfield,2.0,E Windsor,1.0,PJ Scholfield,1.0,2.0,E Windsor,PJ Scholfield,Southern Vipers
1229346,Southern Vipers,GL Adams & EM McCaughan,36.0,GL Adams,25.0,EM McCaughan,11.0,2.0,EM McCaughan,GL Adams,Southern Vipers
1229346,Southern Vipers,ME Bouchier & GL Adams,26.0,ME Bouchier,10.0,GL Adams,16.0,2.0,ME Bouchier,GL Adams,Southern Vipers
1229346,Southern Vipers,PJ Scholfield & CE Dean,54.0,PJ Scholfield,30.0,CE Dean,24.0,2.0,CE Dean,PJ Scholfield,Southern Vipers
1229346,Southern Vipers,TG Norris & E Windsor,17.0,TG Norris,5.0,E Windsor,12.0,2.0,TG Norris,E Windsor,Southern Vipers
1229347,Thunder,A Clarke & GEB Boyce,1.0,A Clarke,1.0,GEB Boyce,0.0,1.0,GEB Boyce,A Clarke,Northern Diamonds
1229347,Thunder,R Duckworth & AE Dyson,8.0,R Duckworth,6.0,AE Dyson,2.0,1.0,AE Dyson,R Duckworth,Northern Diamonds
1229347,Thunder,E Threlkeld & GEB Boyce,21.0,E Threlkeld,13.0,GEB Boyce,8.0,1.0,GEB Boyce,E Threlkeld,Northern Diamonds
1229347,Thunder,HE Jones & R Duckworth,5.0,HE Jones,2.0,R Duckworth,3.0,1.0,HE Jones,R Duckworth,Northern Diamonds
1229347,Thunder,L Heap & R Duckworth,21.0,L Heap,12.0,R Duckworth,9.0,1.0,R Duckworth,L Heap,Northern Diamonds
1229347,Thunder,L Marshall & GEB Boyce,4.0,L Marshall,0.0,GEB Boyce,4.0,1.0,L Marshall,GEB Boyce,Northern Diamonds
1229347,Thunder,N Brown & GEB Boyce,49.0,N Brown,32.0,GEB Boyce,17.0,1.0,GEB Boyce,N Brown,Northern Diamonds
1229347,Thunder,R Duckworth & DL Collins,3.0,R Duckworth,1.0,DL Collins,2.0,1.0,R Duckworth,DL Collins,Northern Diamonds
1229350,Southern Vipers,GL Adams & CE Dean,5.0,GL Adams,3.0,CE Dean,2.0,1.0,CE Dean,GL Adams,Southern Vipers
1229350,Southern Vipers,CM Taylor & LK Bell,7.0,CM Taylor,1.0,LK Bell,6.0,1.0,CM Taylor,LK Bell,Southern Vipers
1229350,Southern Vipers,E Windsor & AZ Monaghan,3.0,E Windsor,2.0,AZ Monaghan,1.0,1.0,AZ Monaghan,E Windsor,Southern Vipers
1229350,Southern Vipers,CE Rudd & E Windsor,7.0,CE Rudd,1.0,E Windsor,6.0,1.0,CE Rudd,E Windsor,Southern Vipers
1229350,Southern Vipers,E Windsor & CM Taylor,22.0,E Windsor,16.0,CM Taylor,6.0,1.0,CM Taylor,E Windsor,Southern Vipers
1229350,Southern Vipers,E Windsor & GL Adams,6.0,E Windsor,2.0,GL Adams,4.0,1.0,E Windsor,GL Adams,Southern Vipers
1229350,Southern Vipers,GL Adams & EM McCaughan,92.0,GL Adams,57.0,EM McCaughan,35.0,1.0,EM McCaughan,GL Adams,Southern Vipers
1229350,Southern Vipers,ME Bouchier & GL Adams,44.0,ME Bouchier,28.0,GL Adams,16.0,1.0,GL Adams,ME Bouchier,Southern Vipers
1229350,Southern Vipers,GL Adams & PJ Scholfield,3.0,GL Adams,0.0,PJ Scholfield,3.0,1.0,GL Adams,PJ Scholfield,Southern Vipers
1229350,Southern Vipers,TG Norris & E Windsor,16.0,TG Norris,5.0,E Windsor,11.0,1.0,TG Norris,E Windsor,Southern Vipers
1252265,Thunder,DL Collins & KL Cross,8.0,DL Collins,4.0,KL Cross,4.0,1.0,DL Collins,KL Cross,Western Storm
1252265,Thunder,E Threlkeld & EL Lamb,6.0,E Threlkeld,0.0,EL Lamb,6.0,1.0,E Threlkeld,EL Lamb,Western Storm
1252265,Thunder,EL Lamb & GEB Boyce,19.0,EL Lamb,8.0,GEB Boyce,11.0,1.0,EL Lamb,GEB Boyce,Western Storm
1252265,Thunder,N Brown & EL Lamb,12.0,N Brown,8.0,EL Lamb,4.0,1.0,EL Lamb,N Brown,Western Storm
1252265,Thunder,P Cleary & EL Lamb,162.0,P Cleary,79.0,EL Lamb,83.0,1.0,P Cleary,EL Lamb,Western Storm
1252265,Thunder,S Ecclestone & EL Lamb,35.0,S Ecclestone,15.0,EL Lamb,20.0,1.0,S Ecclestone,EL Lamb,Western Storm
1252265,Thunder,S Ecclestone & KL Cross,27.0,S Ecclestone,22.0,KL Cross,5.0,1.0,KL Cross,S Ecclestone,Western Storm
1252267,Southern Vipers,CE Dean & GA Elwiss,14.0,CE Dean,12.0,GA Elwiss,2.0,2.0,GA Elwiss,CE Dean,Southern Vipers
1252267,Southern Vipers,GA Elwiss & ME Bouchier,15.0,GA Elwiss,8.0,ME Bouchier,7.0,2.0,ME Bouchier,GA Elwiss,Southern Vipers
1252267,Southern Vipers,GL Adams & DN Wyatt,56.0,GL Adams,28.0,DN Wyatt,28.0,2.0,GL Adams,DN Wyatt,Southern Vipers
1252267,Southern Vipers,ME Bouchier & DN Wyatt,39.0,ME Bouchier,14.0,DN Wyatt,25.0,2.0,ME Bouchier,DN Wyatt,Southern Vipers
1252267,Southern Vipers,PJ Scholfield & CE Dean,34.0,PJ Scholfield,14.0,CE Dean,20.0,2.0,PJ Scholfield,CE Dean,Southern Vipers
1252267,Southern Vipers,E Windsor & PJ Scholfield,39.0,E Windsor,15.0,PJ Scholfield,24.0,2.0,E Windsor,PJ Scholfield,Southern Vipers
1252267,Southern Vipers,TG Norris & PJ Scholfield,3.0,TG Norris,3.0,PJ Scholfield,0.0,2.0,PJ Scholfield,TG Norris,Southern Vipers
1252270,Southern Vipers,CE Dean & DN Wyatt,3.0,CE Dean,2.0,DN Wyatt,1.0,2.0,DN Wyatt,CE Dean,Southern Vipers
1252270,Southern Vipers,GA Elwiss & DN Wyatt,83.0,GA Elwiss,45.0,DN Wyatt,38.0,2.0,DN Wyatt,GA Elwiss,Southern Vipers
1252270,Southern Vipers,GL Adams & DN Wyatt,15.0,GL Adams,6.0,DN Wyatt,9.0,2.0,GL Adams,DN Wyatt,Southern Vipers
1252270,Southern Vipers,ME Bouchier & DN Wyatt,29.0,ME Bouchier,13.0,DN Wyatt,16.0,2.0,ME Bouchier,DN Wyatt,Southern Vipers
1252271,Thunder,E Threlkeld & GEB Boyce,23.0,E Threlkeld,13.0,GEB Boyce,10.0,1.0,GEB Boyce,E Threlkeld,Thunder
1252271,Thunder,EL Lamb & GEB Boyce,33.0,EL Lamb,18.0,GEB Boyce,15.0,1.0,GEB Boyce,EL Lamb,Thunder
1252271,Thunder,GEB Boyce & P Cleary,44.0,GEB Boyce,33.0,P Cleary,11.0,1.0,P Cleary,GEB Boyce,Thunder
1252271,Thunder,HE Jones & DL Collins,5.0,HE Jones,2.0,DL Collins,3.0,1.0,HE Jones,DL Collins,Thunder
1252271,Thunder,KL Cross & GEB Boyce,36.0,KL Cross,29.0,GEB Boyce,7.0,1.0,GEB Boyce,KL Cross,Thunder
1252271,Thunder,L Marshall & KL Cross,27.0,L Marshall,13.0,KL Cross,14.0,1.0,L Marshall,KL Cross,Thunder
1252271,Thunder,N Brown & GEB Boyce,24.0,N Brown,7.0,GEB Boyce,17.0,1.0,N Brown,GEB Boyce,Thunder
1252271,Thunder,S Ecclestone & GEB Boyce,21.0,S Ecclestone,12.0,GEB Boyce,9.0,1.0,GEB Boyce,S Ecclestone,Thunder
1252274,Thunder,A Hartley & N Brown,26.0,A Hartley,12.0,N Brown,14.0,2.0,A Hartley,N Brown,Lightning
1252274,Thunder,DL Collins & N Brown,1.0,DL Collins,0.0,N Brown,1.0,2.0,DL Collins,N Brown,Lightning
1252274,Thunder,EL Lamb & GEB Boyce,34.0,EL Lamb,21.0,GEB Boyce,13.0,2.0,GEB Boyce,EL Lamb,Lightning
1252274,Thunder,N Brown & EL Lamb,12.0,N Brown,0.0,EL Lamb,12.0,2.0,N Brown,EL Lamb,Lightning
1252274,Thunder,P Cleary & EL Lamb,11.0,P Cleary,2.0,EL Lamb,9.0,2.0,P Cleary,EL Lamb,Lightning
1252274,Thunder,HE Jones & A Hartley,22.0,HE Jones,8.0,A Hartley,14.0,2.0,HE Jones,A Hartley,Lightning
1252274,Thunder,KL Cross & N Brown,7.0,KL Cross,0.0,N Brown,7.0,2.0,KL Cross,N Brown,Lightning
1252274,Thunder,N Brown & S Ecclestone,3.0,N Brown,2.0,S Ecclestone,1.0,2.0,S Ecclestone,N Brown,Lightning
1252275,Southern Vipers,CE Rudd & DN Wyatt,49.0,CE Rudd,10.0,DN Wyatt,39.0,2.0,CE Rudd,DN Wyatt,Central Sparks
1252275,Southern Vipers,DN Wyatt & E Windsor,27.0,DN Wyatt,13.0,E Windsor,14.0,2.0,DN Wyatt,E Windsor,Central Sparks
1252275,Southern Vipers,GL Adams & DN Wyatt,12.0,GL Adams,3.0,DN Wyatt,9.0,2.0,GL Adams,DN Wyatt,Central Sparks
1252275,Southern Vipers,ME Bouchier & DN Wyatt,1.0,ME Bouchier,1.0,DN Wyatt,0.0,2.0,DN Wyatt,ME Bouchier,Central Sparks
1252275,Southern Vipers,TG Norris & DN Wyatt,1.0,TG Norris,1.0,DN Wyatt,0.0,2.0,DN Wyatt,TG Norris,Central Sparks
1252278,Thunder,A Hartley & DL Collins,4.0,A Hartley,4.0,DL Collins,0.0,2.0,DL Collins,A Hartley,Thunder
1252278,Thunder,L Marshall & DL Collins,19.0,L Marshall,11.0,DL Collins,8.0,2.0,DL Collins,L Marshall,Thunder
1252278,Thunder,E Threlkeld & EL Lamb,8.0,E Threlkeld,6.0,EL Lamb,2.0,2.0,EL Lamb,E Threlkeld,Thunder
1252278,Thunder,EL Lamb & GEB Boyce,63.0,EL Lamb,37.0,GEB Boyce,26.0,2.0,GEB Boyce,EL Lamb,Thunder
1252278,Thunder,E Threlkeld & L Jackson,37.0,E Threlkeld,20.0,L Jackson,17.0,2.0,L Jackson,E Threlkeld,Thunder
1252278,Thunder,L Jackson & L Marshall,34.0,L Jackson,13.0,L Marshall,21.0,2.0,L Jackson,L Marshall,Thunder
1252278,Thunder,N Brown & E Threlkeld,8.0,N Brown,6.0,E Threlkeld,2.0,2.0,E Threlkeld,N Brown,Thunder
1252278,Thunder,P Cleary & E Threlkeld,3.0,P Cleary,1.0,E Threlkeld,2.0,2.0,P Cleary,E Threlkeld,Thunder
1252278,Thunder,R Duckworth & E Threlkeld,2.0,R Duckworth,1.0,E Threlkeld,1.0,2.0,R Duckworth,E Threlkeld,Thunder
1252279,Southern Vipers,GL Adams & DN Wyatt,53.0,GL Adams,25.0,DN Wyatt,28.0,2.0,GL Adams,DN Wyatt,Southern Vipers
1252279,Southern Vipers,ME Bouchier & EM McCaughan,23.0,ME Bouchier,19.0,EM McCaughan,4.0,2.0,EM McCaughan,ME Bouchier,Southern Vipers
1252279,Southern Vipers,ME Bouchier & GL Adams,90.0,ME Bouchier,38.0,GL Adams,52.0,2.0,ME Bouchier,GL Adams,Southern Vipers
1252283,Thunder,AE Dyson & KL Cross,23.0,AE Dyson,6.0,KL Cross,17.0,1.0,AE Dyson,KL Cross,Southern Vipers
1252283,Thunder,E Threlkeld & EL Lamb,1.0,E Threlkeld,0.0,EL Lamb,1.0,1.0,E Threlkeld,EL Lamb,Southern Vipers
1252283,Thunder,EL Lamb & GEB Boyce,9.0,EL Lamb,5.0,GEB Boyce,4.0,1.0,GEB Boyce,EL Lamb,Southern Vipers
1252283,Thunder,EL Lamb & KL Cross,32.0,EL Lamb,11.0,KL Cross,21.0,1.0,EL Lamb,KL Cross,Southern Vipers
1252283,Thunder,HE Jones & KL Cross,2.0,HE Jones,2.0,KL Cross,0.0,1.0,KL Cross,HE Jones,Southern Vipers
1252283,Thunder,KL Cross & A Hartley,1.0,KL Cross,1.0,A Hartley,0.0,1.0,A Hartley,KL Cross,Southern Vipers
1252283,Thunder,L Marshall & KL Cross,5.0,L Marshall,2.0,KL Cross,3.0,1.0,L Marshall,KL Cross,Southern Vipers
1252283,Thunder,KL Cross & N Brown,7.0,KL Cross,6.0,N Brown,1.0,1.0,N Brown,KL Cross,Southern Vipers
1252283,Thunder,L Jackson & KL Cross,13.0,L Jackson,4.0,KL Cross,9.0,1.0,L Jackson,KL Cross,Southern Vipers
1252283,Southern Vipers,E Windsor & AZ Monaghan,4.0,E Windsor,4.0,AZ Monaghan,0.0,2.0,AZ Monaghan,E Windsor,Southern Vipers
1252283,Southern Vipers,CE Rudd & E Windsor,32.0,CE Rudd,13.0,E Windsor,19.0,2.0,CE Rudd,E Windsor,Southern Vipers
1252283,Southern Vipers,E Windsor & EM McCaughan,10.0,E Windsor,2.0,EM McCaughan,8.0,2.0,E Windsor,EM McCaughan,Southern Vipers
1252283,Southern Vipers,GA Elwiss & EM McCaughan,5.0,GA Elwiss,0.0,EM McCaughan,5.0,2.0,GA Elwiss,EM McCaughan,Southern Vipers
1252283,Southern Vipers,GH Lewis & EM McCaughan,26.0,GH Lewis,16.0,EM McCaughan,10.0,2.0,EM McCaughan,GH Lewis,Southern Vipers
1252283,Southern Vipers,GL Adams & EM McCaughan,12.0,GL Adams,2.0,EM McCaughan,10.0,2.0,GL Adams,EM McCaughan,Southern Vipers
1252283,Southern Vipers,PJ Scholfield & EM McCaughan,10.0,PJ Scholfield,2.0,EM McCaughan,8.0,2.0,PJ Scholfield,EM McCaughan,Southern Vipers
1252283,Southern Vipers,TG Norris & E Windsor,1.0,TG Norris,0.0,E Windsor,1.0,2.0,TG Norris,E Windsor,Southern Vipers
1252284,Thunder,AE Dyson & L Marshall,11.0,AE Dyson,3.0,L Marshall,8.0,2.0,AE Dyson,L Marshall,Northern Diamonds
1252284,Thunder,D Mullan & GEB Boyce,21.0,D Mullan,8.0,GEB Boyce,13.0,2.0,D Mullan,GEB Boyce,Northern Diamonds
1252284,Thunder,E Threlkeld & GEB Boyce,35.0,E Threlkeld,13.0,GEB Boyce,22.0,2.0,E Threlkeld,GEB Boyce,Northern Diamonds
1252284,Thunder,N Brown & GEB Boyce,10.0,N Brown,1.0,GEB Boyce,9.0,2.0,N Brown,GEB Boyce,Northern Diamonds
1252284,Thunder,GEB Boyce & S Smale,35.0,GEB Boyce,23.0,S Smale,12.0,2.0,S Smale,GEB Boyce,Northern Diamonds
1252284,Thunder,HE Jones & A Hartley,9.0,HE Jones,3.0,A Hartley,6.0,2.0,HE Jones,A Hartley,Northern Diamonds
1252284,Thunder,L Marshall & HE Jones,2.0,L Marshall,2.0,HE Jones,0.0,2.0,HE Jones,L Marshall,Northern Diamonds
1252284,Thunder,L Jackson & L Marshall,53.0,L Jackson,22.0,L Marshall,31.0,2.0,L Jackson,L Marshall,Northern Diamonds
1252284,Thunder,L Marshall & N Brown,2.0,L Marshall,1.0,N Brown,1.0,2.0,L Marshall,N Brown,Northern Diamonds
1252287,Southern Vipers,GA Elwiss & CE Rudd,3.0,GA Elwiss,2.0,CE Rudd,1.0,1.0,CE Rudd,GA Elwiss,Southern Vipers
1252287,Southern Vipers,GA Elwiss & LK Bell,9.0,GA Elwiss,8.0,LK Bell,1.0,1.0,LK Bell,GA Elwiss,Southern Vipers
1252287,Southern Vipers,GA Elwiss & TG Norris,5.0,GA Elwiss,2.0,TG Norris,3.0,1.0,GA Elwiss,TG Norris,Southern Vipers
1252287,Southern Vipers,GH Lewis & GA Elwiss,38.0,GH Lewis,18.0,GA Elwiss,20.0,1.0,GH Lewis,GA Elwiss,Southern Vipers
1252287,Southern Vipers,GL Adams & EM McCaughan,28.0,GL Adams,5.0,EM McCaughan,23.0,1.0,GL Adams,EM McCaughan,Southern Vipers
1252287,Southern Vipers,GL Adams & GA Elwiss,91.0,GL Adams,35.0,GA Elwiss,56.0,1.0,GL Adams,GA Elwiss,Southern Vipers
1252287,Southern Vipers,ME Bouchier & GL Adams,40.0,ME Bouchier,30.0,GL Adams,10.0,1.0,GL Adams,ME Bouchier,Southern Vipers
1252287,Southern Vipers,PJ Scholfield & GA Elwiss,53.0,PJ Scholfield,29.0,GA Elwiss,24.0,1.0,GA Elwiss,PJ Scholfield,Southern Vipers
1252289,Thunder,AE Dyson & E Threlkeld,28.0,AE Dyson,13.0,E Threlkeld,15.0,1.0,AE Dyson,E Threlkeld,Thunder
1252289,Thunder,E Threlkeld & A Hartley,8.0,E Threlkeld,3.0,A Hartley,5.0,1.0,E Threlkeld,A Hartley,Thunder
1252289,Thunder,E Threlkeld & D Mullan,4.0,E Threlkeld,4.0,D Mullan,0.0,1.0,D Mullan,E Threlkeld,Thunder
1252289,Thunder,E Threlkeld & GEB Boyce,13.0,E Threlkeld,3.0,GEB Boyce,10.0,1.0,E Threlkeld,GEB Boyce,Thunder
1252289,Thunder,HE Jones & E Threlkeld,18.0,HE Jones,9.0,E Threlkeld,9.0,1.0,HE Jones,E Threlkeld,Thunder
1252289,Thunder,L Heap & E Threlkeld,29.0,L Heap,19.0,E Threlkeld,10.0,1.0,E Threlkeld,L Heap,Thunder
1252289,Thunder,E Threlkeld & L Jackson,6.0,E Threlkeld,4.0,L Jackson,2.0,1.0,L Jackson,E Threlkeld,Thunder
1252289,Thunder,L Marshall & E Threlkeld,1.0,L Marshall,1.0,E Threlkeld,0.0,1.0,E Threlkeld,L Marshall,Thunder
1252289,Thunder,N Brown & E Threlkeld,36.0,N Brown,14.0,E Threlkeld,22.0,1.0,N Brown,E Threlkeld,Thunder
1252289,Thunder,GEB Boyce & S Smale,23.0,GEB Boyce,10.0,S Smale,13.0,1.0,GEB Boyce,S Smale,Thunder
1252291,Southern Vipers,E Windsor & GA Elwiss,1.0,E Windsor,1.0,GA Elwiss,0.0,2.0,GA Elwiss,E Windsor,Southern Vipers
1252291,Southern Vipers,GL Adams & GA Elwiss,82.0,GL Adams,39.0,GA Elwiss,43.0,2.0,GL Adams,GA Elwiss,Southern Vipers
1252291,Southern Vipers,PJ Scholfield & GA Elwiss,33.0,PJ Scholfield,15.0,GA Elwiss,18.0,2.0,PJ Scholfield,GA Elwiss,Southern Vipers
1252291,Southern Vipers,GH Lewis & GA Elwiss,62.0,GH Lewis,39.0,GA Elwiss,23.0,2.0,GA Elwiss,GH Lewis,Southern Vipers
1252291,Southern Vipers,GL Adams & EM McCaughan,5.0,GL Adams,3.0,EM McCaughan,2.0,2.0,EM McCaughan,GL Adams,Southern Vipers
1252291,Southern Vipers,ME Bouchier & GL Adams,65.0,ME Bouchier,40.0,GL Adams,25.0,2.0,GL Adams,ME Bouchier,Southern Vipers
1252293,Southern Vipers,GA Elwiss & ME Bouchier,30.0,GA Elwiss,14.0,ME Bouchier,16.0,2.0,GA Elwiss,ME Bouchier,Southern Vipers
1252293,Southern Vipers,GH Lewis & E Windsor,30.0,GH Lewis,23.0,E Windsor,7.0,2.0,E Windsor,GH Lewis,Southern Vipers
1252293,Southern Vipers,GH Lewis & ME Bouchier,14.0,GH Lewis,1.0,ME Bouchier,13.0,2.0,GH Lewis,ME Bouchier,Southern Vipers
1252293,Southern Vipers,ME Bouchier & EM McCaughan,4.0,ME Bouchier,4.0,EM McCaughan,0.0,2.0,EM McCaughan,ME Bouchier,Southern Vipers
1252293,Southern Vipers,E Windsor & PJ Scholfield,15.0,E Windsor,6.0,PJ Scholfield,9.0,2.0,E Windsor,PJ Scholfield,Southern Vipers
1252293,Southern Vipers,TG Norris & E Windsor,74.0,TG Norris,40.0,E Windsor,34.0,2.0,E Windsor,TG Norris,Southern Vipers
1229329,,,,,,,,,,,Western Storm
1229331,,,,,,,,,,,South East Stars
1229333,,,,,,,,,,,Northern Diamonds
1229335,,,,,,,,,,,Western Storm
1229336,,,,,,,,,,,Northern Diamonds
1229339,,,,,,,,,,,Western Storm
1229341,,,,,,,,,,,Lightning
1229343,,,,,,,,,,,South East Stars
1229345,,,,,,,,,,,Central Sparks
1229348,,,,,,,,,,,Lightning
1229349,,,,,,,,,,,Western Storm
1252264,,,,,,,,,,,Central Sparks
1252266,,,,,,,,,,,South East Stars
1252268,,,,,,,,,,,Northern Diamonds
1252269,,,,,,,,,,,Central Sparks
1252272,,,,,,,,,,,South East Stars
1252273,,,,,,,,,,,Northern Diamonds
1252276,,,,,,,,,,,Northern Diamonds
1252277,,,,,,,,,,,Lightning
1252280,,,,,,,,,,,Northern Diamonds
1252281,,,,,,,,,,,South East Stars
1252282,,,,,,,,,,,Central Sparks
1252285,,,,,,,,,,,Central Sparks
1252286,,,,,,,,,,,Western Storm
1252288,,,,,,,,,,,Lightning
1252290,,,,,,,,,,,Western Storm
1252292,,,,,,,,,,,Northern Diamonds
